id;nickname;email;content
1;payment 辽宁省 Health;鸿涛_邹7@hotmail.com;Refined fault-tolerant 1080p
2;Operations 黑龙江省 浙江省;思聪93@yahoo.com;sky virtual Hryvnia
3;Savings feed;展鹏.段@yahoo.com;PCI
4;port;旭尧36@yahoo.com;JBOD Data Human
5;Zloty Analyst Awesome;越彬64@yahoo.com;Chicken
6;Nepalese salmon;嘉熙.潘@gmail.com;bypass
7;贵州省 Orchestrator;果59@yahoo.com;synthesizing Manat Engineer
8;Borders;旭尧70@yahoo.com;Inverse firewall one-to-one
9;HTTP Sandwich payment;智辉_刘@hotmail.com;program Personal Soft
10;Frozen;正豪63@hotmail.com;generate THX Loan
